Pitched_Business_Desc,predictions
bridal dress boutique buy sell rent online bridal dress boutique buy sell rent online,0
web site buy resells unused gift card web site buy resells unused gift card,1
eco-friendly garment bag eco-friendly garment bag,0
free photo printing service print ad back photo,0
company creates custom plush toy based childrens drawing,0
company provides -female golf caddy company provides -female golf caddy,0
cross button-shirt camisole specially designed reduce bulk skinnyshirt give collared shirt without clunky bunchiness normal collared shirt give skinny shirt perfectly knit cami combined favorite button 90 nylon 10 spandex skinnyshirt body stretchy knit smoothes better shape around figure paired anything closet v-necks crew neck cardigan shift dress blazer,1
service rent home collegiate sport town game weekend rent like champion airbnb college game graduation ceremony etc provide private home rental near campus college town around country place stay go see favorite college sport game see favorite college kid graduate,1
hungry harvest service delivering less-appealing surplus produce lower cost hungry harvest source produce would normally go waste recapture delivers reduce food waste feed hungry family,0
fanciful slipper slipper home kind person happy foot right alley superior quality uniquely plump design happy foot slipper ultra comfortable fuzzy slipper available original happy foot design animal character holiday themed animal favorite sport team aside looking damn comfortable fat slipper keep foot warn,1
mobile party game franchise,1
undershirt designed block underarm sweat thompson tee unique undershirt block underarm sweat prevents embarrassing wet mark yellow stain sweat-proof technology provides safe affordable convenient solution excessive underarm sweat,1
fully customizable slip-sandals islides personalized slide sandal customize picture mantra team logo represent life sport comfort style,1
beverage koozie float water,1
bag cleaning stuffed toy washing machine bag cleaning stuffed toy washing machine,1
barstool reservation app snag stool app solves tired problem hovering waiting get seat crowded restaurant bar boston far app help save seat favorite spot busy popular night,1
algae tablet increase energy focus energybits offer algae tab eliminate fatigue hunger delivers boost natural energy without caffeine harmful chemical,1
device stop object falling car seat center console ever accidentally drop quarter precious curly fry crevice car seat another one lori grieners hero drop stop exactly say prevents object annoyingly falling hard reach place vehicle,1
shotgun shell converted fishing bobber shell bobber initially idea spawned two best friend jeff dusty boat duck hunting discharging shotgun noticed empty shell floating straight water aha made usa shell bobber come 3 pack perfect bobber fisher even gift fishing enthusiast,1
healthier alternative ice cream dairy free vegan 100-calories per pint wink frozen desert non-dairy non-gluten healthy alternative ice cream 10 cool flavor 100 calorie entire pint,1
airtight plate cover airtight plate cover,1
apple-based vegan alternative honey bee free honee plant-based honey substitute made organic apple grown usa,0
plush toy allows child send voice message approved contact toymail interesting needful app allows kid voice chat friend family without using phone work toy push button kid connect mom dad grandparent friend time anywhere,1
furry hood resemble animal furry hood resemble animal,1
custom playing card exercising custom playing card exercise,0
sport bra pocket holding valuable,1
broom built-scraper,1
cooking pot generates electricity heat water cooking pot generates electricity heat water,1
smartphone app hide message certain contact smartphone app hide message certain contact,1
monthly box themed educational activity child monthly box themed educational activity child,0
food truck serving lobster maine mobile food truck,1
backpack bag made recycled billboard rareform transforms billboard vinyl stylish bag backpack unique bold eco-friendly make perfect material create one---kind design,1
robotic sign waving machine robotic sign waving machine,0
notebook scan content cloud service via app erased microwaved rocketbook intelligent reusable notebook allows user write traditional pen notebook notebook erasable reusable allowing user send note cloud simply use smartphone send writing cloud microwave oven erase future use,0
gluten free vegan cooky gluten free vegan cooky,1
portable shower system rinsekit revolutionary portable shower system pressurized capacity without pumping battery pressurized spray last four minute ideal quick rinse human animal alike,1
entertainment company specializing horror attraction entertainment company specializing horror attraction,0
high nutrient dog treat made specially processed yak cheese originally created ancient himalayan recipe himalayan dog chew hard cheese snack made yak cow milk editable sized dog containing natural product preservative himalayan dog chew healthy high quality dog chew sure give pet plenty eating entertainment,1
online mail-order service afforable fashionable outfit online mail-order service afforable fashionable outfit,1
childrens party place childrens party place,1
lockbox connected app allows real estate buyer quicker access property toor platform consists smart lockbox app help connecting buyer seller renter agent inspector contractor guest hostsso people request house tour remotely schedule realtor meeting,1
mobile device case screen protector include device repair service mobile device case screen protector include device repair service,0
device prevents car starting without seat belt fastened device prevents car starting without seat belt fastened,1
concentrated tea shot made like espresso teaspressa gourmet tea inspired coffee fancy flavored sugar cube might know tea,1
dog-friendly frozen yogurt dog-friendly frozen yogurt,1
modernized toy box modernized toy box,0
portable fabric floor covering portable fabric floor covering,1
company promotes consumption lionfish extremely invasive specie effort help ecology company promotes consumption lionfish extremely invasive specie effort help ecology,0
device convert stick butter butter spray,1
exfoliating moisturizing soap bar specially formulated men award winning esthetician come soap wash grooming essential swag short soap product men exfoliate moisturize sensitive skin reduce razor burn hair bump natural handcrafted contains high quality ingredient barber physician approved,1
childrens swimwear uv sun protection childrens swimwear uv sun protection,0
hair roller dry style overnight sleep styler exclusive product keep hair dry stylish sleep average woman spends hour day drying styling hair sleep styler cut 5 minute,1
slip cover childrens travel play yard,1
professional hair product child professional childrens hair product,0
moccasin baby moccasin baby,0
handcrafted eyewear made wood proof eyewear handcrafted sunglass made wood framing one point started seed ground grew tree process building frame handled skilled artisan deep passion skill wood making,1
fashionable shoe completely recyclable fashionable shoe completely recyclable,1
poncho mobile device avoid tangled headphone poncho created iphones blackberry solution tangled headphone,0
app earns credit toward covering transportation cost shopping physical store validated free mobile app let shop restaurant pay transportation earning credit pay car-share ride-share bike-share mass transit parking,0
piggyback carrier child piggyback carrier child,1
connector keep sock together prevent loss washing drying socktabs solution missing sock put sock wearing wash come together,1
shrimp-based burger,1
specialty pickle specialty pickle,0
stylish foam childrens play mat little nomad offer foam play mat beautiful also practical mat connect seamlessly even used soft flooring solution,0
line organic fair trade coffee victory coffee offer 5-star coffee organically brewed includes selection whole bean ground k-cups service delivers quality coffee right doorstep multiple membership option variable price,1
pet identification tag made silicone silidog pet identification tag made silicone silicone tag never fade glow dark come variety color social impact tag contain pet name phrase chipped im lost rub belly phone number call,0
simpler connector industrial electrical cable,0
toilet seat built-potty training aid ezpeez standard toilet seat simple flip lid convert child size seat making potty training ez 12pee,1
spill proof sippy cup innovative stylish straw sippy cup lollacup make simple infant toddler drink straw even cup tilted lollacup designed easy hold effective sippy cup young one dishwasher safe problem clean made usa fda approved lollacup come variety color,1
line beauty bar lotion made food-grade ingredient saavy natural artisan body care thats 100 natural made 100 food grade ingredient entire line also vegan gluten-free soy-free non-gmo palm-free good skin feast sens,0
gourmet meat business specializing old fashion butcher shop quality echo valley meat provides award winning meat peoria illinois virtual gourmet online market founder dave alwan third generation cattlemanfarmerbusinessman who made mission provide best ham smoked sausage meat traveled germany denmark trained best show although primarily deal high-quality meat also sell homemade cheese spread cinnamon roasted nut cookie dough might already gotten taste echo valley meat product shark tank also go download catalog settle craving,0
fitness fashion line accent woman rear end bootyqueen apparel high-quality fitness apparel twist help create sleek silhouette reduce muffin top well pas squat test,1
gag gift delivery service message written potato potato parcel gag gift delivery service message written potato allows send personalized messageson potato,1
magic show act magic show act,1
frozen gumbo base,0
-natural dog treat,1
large sphere one walk experience virtual reality environment large sphere used simulating environment used military training entertainment purpose,1
vitamin oral spray vitamin oral spray,1
mass market version custom jewelry mass market version custom jewelry,1
game similar dart us special throwing card like dart like ninja well perfect recreational activity ninja card addictive target card throwing game fun age game come one 2424 board one pack 15 throwing card,1
facial lifting strip facial lifting strip,0
babysitting service staffed older woman babysitting service,0
clip-gum contact lens case clip-gum clip-contact lens case,0
clothing crawling baby built-squeakers knee clothing crawling baby built-squeakers knee,0
squirrel-proof bird feeder squirrel proof bird feeder,1
customizable handbag customizable handbag,0
finger ring cutter fishing line line cutterz finger ring cutter fishing linethe adjustable ring double-sided blade cut mono-filament braided fishing line offer quick convenient cut,1
combination brownie cookie milk brookies home brookie brownie-cookie mash-ups best described brownie topped cooky justification eating two dessert,1
sleeve convert zip-lock bag temporary bowl sleeve convert zip-lock bag temporary bowl,1
laundry dryer heat-recycling device laundry dryer heat-recycling device,0
corn chip enhanced cricket protein chirp sustainable nutritious cricket flour-based chip made stone-ground corn bean chia seed course cricket flour gluten-free also provide sustainable protein source,1
spill-proof portable wine glass goverre modern portable wine glass made thick glass surrounded silicon sleeve glass better solution since beverage taste better glass plastic stainless steel,1
device watering tree efficiently device watering tree efficiently,1
household item made recycled chopstick,1
vibrating mat calming cry baby tranquilo vibrating mat calm cry baby mimicking sound motion womb mat activates baby calming response comforting heartbeat vibration combined white sound helping create much-needed sleep parent baby,1
kit facial hair maintenance product lori greiner get beard thing doesnt negate fact beardbrand created solid grooming product lifestyle established 2012 beardbrand produce beard oil made high quality natural ingredient soften give shine smell great,1
complete canine meal bar fuel dog turbopup k9 energy bar healthy human grade natural grain-free turbopup go-go treat pup dog energy bar complete meal replacement full premium ingredient one compact bar turbopup delightful dog-approved pet food perfect day hike camping extended trip,1
premium wooden kitchen product premium wooden kitchen product,1
play structure kid jungle jumparoo backyard play structure kid neighborhood gravitate perfect age climb swing bounce jump time jungle jumparoo safe sturdy base encourages fun exercise child 10 minute jumping thing equivalent 33 minute running,1
edible sticker fruit vegetable encourage child eat fruity face pitch shark tank edible sticker fruit vegetable encourage child eat,1
bicycle-powered juice smoothie cart bicycle-powered juice smoothie cart,0
wine bottle stopper indicator show air inside bottle stopper indicator show air inside,0
smart changing pad syncs information infant smartphone hatch baby baby changing station scale feedingdiapermore tracker --one track baby health info give app phone help track baby health growth,1
innovative lighting system bicycle men journal call best bike lighting system world revolights doesnt look cool operates cool revolights revolutionary design bike provides fully functional headlight brakelight true 360 degree visibility awesome feature water resistant theft resistant charge via usb connectivity,1
helmet company patented method produce 3-designs,1
sleep away camp adult camp counselor summer camp adult get play like kid day play like adult night,1
environmentally friendly recycled firelog organic cleaner-burning firelog better odor,1
electronics recycling service electronics recycling service,0
greeting ball sent mail,0
natural soap nut laundry natural soap nut laundry,1
toolbox innovative feature integrated technology coolbox tool box added feature function battery clock whiteboard light wheel magnetic lid bottle opener make project easier safer fun,1
universal garbage lid universal garbage lid,1
emmy elephant show trademarked ava plastic elephant-shaped device help parent give small child oral medicine emmy elephant show trademarked ava plastic elephant shaped device let parent easily give small child oral medicine,1
virtual reality platform allows free movement virtual reality platform allows free movement,0
cookie business,1
stick-false lapel jacket lapel project revolutionizes men fashion patent-pending application convert suit tuxedo renting used tux buying one youll never use,1
bicycle lock alarm smart technology linka bike lock hard mounted bike frame unlocks approach bike,0
service provides stand training young entrepreneur sell product jack stand offer young entrepreneur opportunity operate drink stand run kid great retail marketplace mall farmer market,1
line almond water beverage inspired special grandma recipe south france victoria kitchen almond water tasty alternative lemonade iced tea absolute delight containing purified water cane sugar natural flavor extract victoria kitchen almond water us best ingredient flavor include original coconut organic lemonade yum,1
portable cooking device us instant heat pack cook food liquid requiring power fire magiccook container us instant heat pack cook food liquid conveniently perfect camping fishing hunting boating truck driver construction worker field worker hiking office desk anytime go emergency situation,1
childrens exercise program franchise childrens exercise program franchise,0
mafia-inspired money clip mafia-inspired money clip,1
food truck company wanting expand storefront,1
air mattress truck bed air mattress truck bed,1
funeral concierge service funeral concierge service,0
smartphone app help overturn invalid parking traffic violation ticket fixed easiest way deal traffic ticket submit ticket help theyll let know get ticket point dismissed fast free ticket review attorney 150 90 success rate,1
app let user hand-write message onto greeting card mailed felt let send personal card written handwriting mail right phone tablet,1
kayak folded compact suitcase ordinary kayak foldable portable kayak performs best em need 5 minute take backpack boat aside convenience highly durable well oru offered two model bay premium bay,1
whole grain flapjack waffle mix whole grain flapjack waffle mix,0
digital pinball machine vpcabs creates digital pinball machine play hundred different game feel real pinball,1
individual ice chest single can individual ice chest single can,0
kit premeasured natural ingredient making homemade cooky started unfortunate baking experience involving mom kid cooky tasted like cardboard scratch grain baking company offer baking kit amazingly delicious treat contain -natural gmo-free ingredient ingredient certified organic kid wont even taste difference good scratch grain baking kit flavor include chocolate chip classic sugar oatmeal raisin snicker doodle chocolate truffle chewy peanut butter,0
umbrella rental service brellabox pitch shark tank umbrella rental service kiosk saving planet,1
service delivers pre-measured ingredient various recipe door service delivers pre-measured ingredient various recipe door,0
weight loss lip gloss weight loss lip gloss,1
ghost writing service ghost writing service,1
bed bug glue trap bed bug glue trap,1
line cat toy care product pdx pet design creates product intrigue cat keep interested playing,1
service providing drawer men clothing basic basic outfitter exclusive online store men purchase basic including sock underwear tee jogger affordably,1
line humorous print clothing beloved shirt sell shirt sweatshirt legging -printings outrageous funny bizarre image like pizza unicorn cat,0
mail-order cupcake shipped jar wicked good cupcake probably need say describe cupcake moist decadent layered variety filling cupcake come topped wicked good cupcake famous frosting cupcake packed inside jar containing preservative last 10 day without sort refrigeration yummy,1
touch sensor wear body play music touch sensor wear body drumpants wearable technology trigger 100 built-sounds including percussion synthesizer piano jam anywhere headphone external speaker record beat via apps like loopy use drumpants play music new way change way interact world today,0
miniature spatula designed scrape small container completely clean small spatula designed scrape small container completely clean,1
colored waterproof liquid bandage colored waterproof liquid bandage,1
comfortable tanning massage pillow,0
slim digital vending machine small item vengo creates high-tech vending machine hang wall carry type small product go perfect high traffic high end space,1
weatherproof pop-pods used watching weather sport pod offer escape cold fully enclosed tent soccer chair could fit comfortably,1
elegant lighting device fold like accordion lumio simply one oooh ahhh kind product dynamic multi-functional lumio hard-cover book closed bright vivid lamp opened lumio book lamp perfect youre outdoors go also comfort home open full 360 degree provides 8 hour led lighting charged micro-usb charger lumio available two different book form including dark walnut blonde maple set come magnetic wooden peg mounting leather strap easy hanging,1
luxury soap way keep wine good longer,1
device view effectiveness sunscreen sunscreenr device detect spot miss applying sunscreen sunscreenr lens filter see uv light viewing someone show sunscreen isnt,1
social networking app help sell fashion beauty product fashiontap social networking app help sell fashion beauty product,0
sliding clip raise christmas light behind eaves roof season dont need taken rehung year never hang christmas light undoubtedly appealing put take christmas light every year eve drop christmas light hanger install savvy light hanger never holiday season simply slide light second hide away eaves permanent christmas light life hack accomplished,1
variant volleyball circular net middle field spikeball pitch shark tank new game like four-square meet volleyball outdoor sport pair instead net small round trampoline ground two team spike ball bound youre sure get exercise lot fun,1
fire starter product le chemical insta-fire fire starting material safe start fire weather condition stored decade emergency preparedness camping,1
brewed drink made cocoa bean brewed drink made cocoa bean,1
software learning play instrument,1
legging built-shaper legging built-shaper,1
functional slip worn wedding gown allows wearer use restroom bridal buddy lightweight slip worn gown let bride go bathroom wearing nature call bride bag bustle safely relieve without making mess,1
wine-like beverage cat dog apollo peak offer first non-alcoholic designer beverage cat dog contain organic herb made fresh beet allows pet parent share drink furry friend,1
shrink wrap gift bag,1
easy clean water bottle,1
device prevents paintbrush drying device prevents paintbrush drying,0
innovative dish scrubbing tool phenomenon scrub daddy perfect household cleaning tool work anything think suitable typical household chore like dish cleaning appliance shower enclosure also useful personal use outdoors even washing car,0
set seat restraint installed bed pickup truck allow passenger ride truck bed legally,1
smartphone case add rear second screen quick access frequently desired information popslate smartphone case add rear second screen quick access data program dont keep turning phone check apps,1
rib bone removed eaten knife fork rib bone removed eaten knife fork,1
van used mobile wedding chapel van used mobile wedding chapel,1
magnetic device hanging decoration wall goodhangups turn wall magnet board perfect hanging poster print photo card stick click magnet attach poster photo print various wall surface including brick wood glass textured wall,1
cooking device basting,0
clothes hamper raise empty ease bending clothes hamper raise empty ease bending,1
christmas tree renting service christmas tree renting service,1
line carrier portable cart dbest product offer perfect lightweight collapsible cart suitable storage packaging also include collapsible cooler collapsible pet carrier folding dolly folding backpack,1
organizer child designed like stuffed toy organizer child designed like stuffed toy,0
window screen repair patch window screen repair patch,0
dairy-free line plant-based cheese spread dairy-free diet miss able eat cheese heidi ho offer dairy-free line plant-based cheese spread heidi ho product dairy gluten free many also soy free cheese made organic nut seed vegetable herb spice,1
innovative portable speaker innovative portable speaker,0
